Target,MSE_Original,MAE_Original,R2_Original,MSE_Corrected,MAE_Corrected,R2_Corrected
TurnVelocityRadPerSec_Module0,0.6902077,0.44008315,0.7571183443069458,0.6360846,0.4144449,0.7761640548706055
TurnVelocityRadPerSec_Module1,0.57512987,0.404951,0.7885786890983582,0.5289758,0.3748104,0.8055452108383179
TurnVelocityRadPerSec_Module2,0.5257019,0.39599702,0.7922883033752441,0.4942356,0.3691597,0.8047210574150085
TurnVelocityRadPerSec_Module3,0.6734022,0.41890922,0.774170994758606,0.58808607,0.37860206,0.8027821779251099
